{
    "aapl": [
        2, 
        1165.8899999999994
    ], 
    "acb.to": [
        9, 
        2537.6100000000006
    ], 
    "bb.to": [
        3, 
        682.4399999999996
    ], 
    "bbd-b.to": [
        13, 
        886.4299999999994
    ], 
    "cpg.to": [
        28, 
        380.3600000000015
    ], 
    "cve.to": [
        13, 
        2032.1099999999997
    ], 
    "dol.to": [
        7, 
        -618.4000000000015
    ], 
    "et.to": [
        2, 
        12.050000000001091
    ], 
    "gbtc": [
        12, 
        -1165.5100000000011
    ], 
    "hou.to": [
        6, 
        3170.9799999999987
    ], 
    "jtr.v": [
        20, 
        -1035.099999999998
    ], 
    "meg.to": [
        4, 
        4731.550000000001
    ], 
    "obe.to": [
        4, 
        -163.77000000000044
    ], 
    "pd.to": [
        28, 
        1358.9800000000005
    ], 
    "pyr.v": [
        13, 
        78.32000000000062
    ], 
    "th.to": [
        24, 
        3559.1899999999987
    ], 
    "vff.to": [
        17, 
        2731.4800000000005
    ], 
    "vle.to": [
        3, 
        -1262.0500000000002
    ]
}