{
    "aapl": [
        5, 
        2506.6500000000015
    ], 
    "acb.to": [
        11, 
        31047.070000000007
    ], 
    "bb.to": [
        3, 
        815.390000000003
    ], 
    "bbd-b.to": [
        12, 
        5056.549999999999
    ], 
    "cpg.to": [
        4, 
        93.8100000000004
    ], 
    "cve.to": [
        4, 
        2765.6499999999987
    ], 
    "dol.to": [
        4, 
        1010.9399999999969
    ], 
    "et.to": [
        2, 
        -320.42999999999756
    ], 
    "gbtc": [
        15, 
        13690.510000000002
    ], 
    "hou.to": [
        9, 
        6132.83
    ], 
    "jtr.v": [
        20, 
        -1147.0599999999995
    ], 
    "meg.to": [
        22, 
        5375.700000000001
    ], 
    "obe.to": [
        4, 
        195.71000000000276
    ], 
    "pd.to": [
        24, 
        867.7799999999979
    ], 
    "pyr.v": [
        22, 
        -271.4399999999996
    ], 
    "th.to": [
        24, 
        4434.25
    ], 
    "vff.to": [
        19, 
        23524.53
    ], 
    "vle.to": [
        3, 
        25624.61999999999
    ]
}