{
    "ygr.to": [
        82, 
        9397.8599999999997
    ], 
    "acb.to": [
        10, 
        34739.48
    ], 
    "bb.to": [
        11, 
        108.30999999999767
    ], 
    "bbd-b.to": [
        32, 
        3313.090000000002
    ], 
    "cpg.to": [
        16, 
        -539.1300000000001
    ], 
    "cve.to": [
        13, 
        1178.670000000002
    ], 
    "dol.to": [
        28, 
        -242.95000000000073
    ], 
    "et.to": [
        55, 
        -725.6300000000001
    ], 
    "hou.to": [
        6, 
        4579.319999999996
    ], 
    "hod.to": [
        113, 
        4579.319999999996
    ], 
    "uwt": [
        8, 
        4579.319999999996
    ], 
    "jtr.v": [
        105, 
        -726.2999999999993
    ], 
    "meg.to": [
        9, 
        4824.710000000003
    ], 
    "obe.to": [
        85, 
        -392.77999999999975
    ], 
    "pd.to": [
        99, 
        731.5999999999976
    ], 
    "pyr.v": [
        22, 
        -155.5799999999981
    ], 
    "th.to": [
        5, 
        2492.83
    ], 
    "vff.to": [
        18, 
        10650.839999999998
    ], 
    "vle.to": [
        2, 
        35176.46999999998
    ], 
    "rfp.to": [
        18, 
        6978.66 
    ],
	"pbl.to":[
	41,
	1200
	],
	"csco":[
	13,
	2200
	]
}
