{
    "AXF-A.to": [
        -1.0, 
        -9999.0
    ], 
    "AXF.to": [
        -1.0, 
        -9999.0
    ], 
    "BXF.to": [
        8, 
        34.1899999999996
    ], 
    "CBB-A.to": [
        -1.0, 
        -9999.0
    ], 
    "CBB.to": [
        8, 
        369.52999999999975
    ], 
    "CBH-A.to": [
        -1.0, 
        -9999.0
    ], 
    "CBH.to": [
        7, 
        65.60000000000036
    ], 
    "CBO-A.to": [
        73, 
        6.960000000000036
    ], 
    "CBO.to": [
        6, 
        41.67999999999938
    ], 
    "CDZ-A.to": [
        6, 
        1001.2700000000032
    ], 
    "CDZ.to": [
        76, 
        2152.169999999999
    ], 
    "CED-A.to": [
        -1.0, 
        -9999.0
    ], 
    "CED.to": [
        2, 
        146.64999999999964
    ], 
    "CEW-A.to": [
        38, 
        1996.2199999999993
    ], 
    "CEW.to": [
        3, 
        260.60000000000036
    ], 
    "CLF-A.to": [
        -1.0, 
        -9999.0
    ], 
    "CLF.to": [
        6, 
        26.399999999999636
    ], 
    "CLG-A.to": [
        2, 
        0.0
    ], 
    "CLG.to": [
        2, 
        60.979999999998654
    ], 
    "CMR-A.to": [
        -1.0, 
        -9999.0
    ], 
    "CMR.to": [
        22, 
        174.3700000000008
    ], 
    "CPD-A.to": [
        46, 
        1035.4400000000005
    ], 
    "CPD.to": [
        111, 
        1804.7600000000011
    ], 
    "CRQ-A.to": [
        15, 
        1252.46
    ], 
    "CRQ.to": [
        57, 
        1779.04
    ], 
    "CVD-A.to": [
        -1.0, 
        -9999.0
    ], 
    "CVD.to": [
        20, 
        70.32999999999993
    ], 
    "CXF-A.to": [
        -1.0, 
        -9999.0
    ], 
    "CXF.to": [
        18, 
        32.80000000000018
    ], 
    "DXM-A.to": [
        -1.0, 
        -9999.0
    ], 
    "DXM.to": [
        6, 
        207.5600000000004
    ], 
    "FDV-A.to": [
        -1.0, 
        -9999.0
    ], 
    "FDV.to": [
        2, 
        146.59999999999945
    ], 
    "FDY-A.to": [
        -1.0, 
        -9999.0
    ], 
    "FDY.to": [
        124, 
        1222.0900000000001
    ], 
    "FIE-A.to": [
        70, 
        1739.25
    ], 
    "FIE.to": [
        17, 
        106.15999999999985
    ], 
    "FRF-A.to": [
        -1.0, 
        -9999.0
    ], 
    "FRF.to": [
        -1.0, 
        -9999.0
    ], 
    "FXF-A.to": [
        -1.0, 
        -9999.0
    ], 
    "FXF.to": [
        -1.0, 
        -9999.0
    ], 
    "FXM-A.to": [
        -1.0, 
        -9999.0
    ], 
    "FXM.to": [
        9, 
        145.35999999999967
    ], 
    "GXF-A.to": [
        -1.0, 
        -9999.0
    ], 
    "GXF.to": [
        -1.0, 
        -9999.0
    ], 
    "HAA-A.to": [
        -1.0, 
        -9999.0
    ], 
    "HAD-A.to": [
        -1.0, 
        -9999.0
    ], 
    "HAD.to": [
        15, 
        64.85000000000036
    ], 
    "HAL-A.to": [
        -1.0, 
        -9999.0
    ], 
    "HBB.to": [
        8, 
        83.73999999999978
    ], 
    "HED.to": [
        42, 
        0.0
    ], 
    "HEE-A.to": [
        -1.0, 
        -9999.0
    ], 
    "HEE.to": [
        33, 
        179.76000000000022
    ], 
    "HEF-A.to": [
        -1.0, 
        -9999.0
    ], 
    "HEF.to": [
        4, 
        191.02999999999975
    ], 
    "HEU.to": [
        2, 
        572.9700000000003
    ], 
    "HEW.to": [
        3, 
        304.0699999999997
    ], 
    "HEX-A.to": [
        -1.0, 
        -9999.0
    ], 
    "HEX.to": [
        10, 
        217.0699999999997
    ], 
    "HFD.to": [
        51, 
        0.0
    ], 
    "HFR-A.to": [
        -1.0, 
        -9999.0
    ], 
    "HFR.to": [
        2, 
        20.11999999999989
    ], 
    "HFU.to": [
        22, 
        263.3600000000006
    ], 
    "HII.to": [
        21, 
        78.89999999999964
    ], 
    "HIX.to": [
        28, 
        0.0
    ], 
    "HOG.to": [
        5, 
        429.5
    ], 
    "HPR.to": [
        2, 
        58.970000000000255
    ], 
    "HUT-A.to": [
        -1.0, 
        -9999.0
    ], 
    "HUT.to": [
        11, 
        50.55999999999949
    ], 
    "HXD.to": [
        27, 
        0.0
    ], 
    "HXE.to": [
        2, 
        276.33000000000084
    ], 
    "HXF.to": [
        4, 
        189.39999999999964
    ], 
    "HXT-U.to": [
        -1.0, 
        -9999.0
    ], 
    "HXT.to": [
        5, 
        237.15999999999985
    ], 
    "HXU.to": [
        10, 
        462.35000000000036
    ], 
    "KXF-A.to": [
        -1.0, 
        -9999.0
    ], 
    "KXF.to": [
        -1.0, 
        -9999.0
    ], 
    "LXF-A.to": [
        -1.0, 
        -9999.0
    ], 
    "LXF.to": [
        -1.0, 
        -9999.0
    ], 
    "MXF-A.to": [
        -1.0, 
        -9999.0
    ], 
    "MXF.to": [
        32, 
        169.34000000000015
    ], 
    "OXF-A.to": [
        2, 
        0.0
    ], 
    "OXF.to": [
        5, 
        825.1099999999997
    ], 
    "PDC.to": [
        5, 
        248.39999999999964
    ], 
    "PFL.to": [
        23, 
        -4.979999999999563
    ], 
    "PGL.to": [
        21, 
        528.0699999999997
    ], 
    "PPS.to": [
        7, 
        42.51999999999953
    ], 
    "PSA.to": [
        3, 
        23.0
    ], 
    "PSB.to": [
        5, 
        48.590000000000146
    ], 
    "PXC.to": [
        12, 
        223.52999999999975
    ], 
    "PXF-A.to": [
        -1.0, 
        -9999.0
    ], 
    "PXF.to": [
        111, 
        135.63000000000102
    ], 
    "PZC.to": [
        2, 
        203.83999999999924
    ], 
    "QXM-A.to": [
        -1.0, 
        -9999.0
    ], 
    "QXM.to": [
        4, 
        303.75
    ], 
    "RBO.to": [
        2, 
        56.0
    ], 
    "RCD.to": [
        4, 
        226.21999999999935
    ], 
    "RCE.to": [
        9, 
        196.1899999999996
    ], 
    "RQC.to": [
        -1.0, 
        -9999.0
    ], 
    "RQD.to": [
        37, 
        27.520000000000437
    ], 
    "RQE.to": [
        76, 
        84.84999999999945
    ], 
    "RQF.to": [
        64, 
        165.6800000000003
    ], 
    "RQG.to": [
        8, 
        6.139999999999418
    ], 
    "RQH.to": [
        2, 
        12.590000000000146
    ], 
    "RQI.to": [
        7, 
        33.17999999999938
    ], 
    "RWC-A.to": [
        -1.0, 
        -9999.0
    ], 
    "RWC.to": [
        6, 
        238.8199999999997
    ], 
    "TLV.to": [
        3, 
        215.0
    ], 
    "VAB.to": [
        8, 
        91.48999999999978
    ], 
    "VCE.to": [
        8, 
        231.4999999999991
    ], 
    "VCN.to": [
        10, 
        220.6800000000003
    ], 
    "VDY.to": [
        2, 
        241.09999999999854
    ], 
    "VRE.to": [
        3, 
        174.76000000000022
    ], 
    "VSB.to": [
        6, 
        36.42000000000007
    ], 
    "VSC.to": [
        4, 
        50.31999999999971
    ], 
    "WXM-A.to": [
        -1.0, 
        -9999.0
    ], 
    "WXM.to": [
        27, 
        132.59000000000015
    ], 
    "XBB.to": [
        3, 
        85.30000000000018
    ], 
    "XCB.to": [
        3, 
        90.38000000000102
    ], 
    "XCG.to": [
        4, 
        307.7500000000009
    ], 
    "XCS.to": [
        60, 
        2010.8999999999996
    ], 
    "XCV.to": [
        3, 
        236.48000000000047
    ], 
    "XDV.to": [
        3, 
        208.23000000000047
    ], 
    "XEG.to": [
        105, 
        2405.500000000001
    ], 
    "XEI.to": [
        4, 
        265.52000000000044
    ], 
    "XEN.to": [
        13, 
        227.5099999999993
    ], 
    "XFN.to": [
        3, 
        2894.3
    ], 
    "XFR.to": [
        21, 
        2.399999999999636
    ], 
    "XGB.to": [
        3, 
        117.47000000000025
    ], 
    "XHB.to": [
        6, 
        76.44999999999982
    ], 
    "XIC.to": [
        5, 
        237.22999999999956
    ], 
    "XIT.to": [
        2, 
        4311.490000000003
    ], 
    "XIU.to": [
        61, 
        2515.37
    ],