{
    "eld.to": [
        26, 
        23529.98
    ], 
    "noa.to": [
        123, 
        22793.819999999996
    ], 
    "pdl.to": [
        5, 
        11845.380000000005
    ], 
    "pki.to": [
        30, 
        6784.1500000000015
    ], 
    "pnc-a.to": [
        9, 
        4734.4299999999985
    ], 
    "rnx.to": [
        32, 
        11656.36
    ], 
    "rvx.to": [
        2, 
        9296.150000000003
    ], 
    "sum.to": [
        5, 
        11475.609999999997
    ], 
    "swh.to": [
        13, 
        631.1799999999994
    ], 
    "ta.to": [
        7, 
        5530.859999999999
    ], 
    "tc.to": [
        4, 
        10858.240000000002
    ], 
    "tgl.to": [
        62, 
        3080.749999999998
    ], 
    "tgo.to": [
        110, 
        8225.240000000002
    ], 
    "tnx.to": [
        132, 
        -720.0699999999997
    ], 
    "tve.to": [
        83, 
        2808.1200000000017
    ], 
    "txg.to": [
        43, 
        1746.0599999999995
    ], 
    "tzz.to": [
        131, 
        2425.540000000001
    ], 
    "vff.to": [
        33, 
        57143.759999999995
    ], 
    "wdo.to": [
        74, 
        9273.520000000006
    ], 
    "wm.to": [
        38, 
        19299.089999999997
    ]
}