{
    "tcs.to": [
        35, 
        28123.14
    ], 
    "sum.to": [
        4, 
        34623.529999999984
    ], 
    "pxt.to": [
        73, 
        23727.62000000001
    ], 
    "tnt-un.to": [
        97, 
        47836.99999999998
    ], 
    "lgt-b.to": [
        140, 
        23045.39
    ], 
    "sj.to": [
        13, 
        15945.700000000008
    ], 
    "y.to": [
        48, 
        14909.580000000002
    ], 
    "vle.to": [
        107, 
        41641.65999999999
    ], 
    "zcl.to": [
        17, 
        25821.339999999997
    ], 
    "rnx.to": [
        56, 
        21622.98
    ], 
    "vff.to": [
        33, 
        36949.229999999996
    ], 
    "me.to": [
        31, 
        195479.62000000026
    ], 
    "pli.to": [
        50, 
        23038.62000000001
    ], 
    "wdo.to": [
        32, 
        22821.899999999994
    ], 
    "wfs.to": [
        55, 
        14352.499999999996
    ], 
    "noa.to": [
        119, 
        59672.499999999985
    ], 
    "nfi.to": [
        159, 
        29099.649999999994
    ], 
    "ftn.to": [
        3, 
        52671.909999999974
    ], 
    "sis.to": [
        46, 
        34188.67
    ], 
    "rpi-un.to": [
        157, 
        25553.48
    ], 
    "th.to": [
        117, 
        21056.68000000001
    ], 
    "tc.to": [
        143, 
        74271.68999999999
    ], 
    "gen.to": [
        60, 
        525464.17
    ], 
    "wft.to": [
        5, 
        17594.980000000025
    ], 
    "pif.to": [
        116, 
        4331554.390000001
    ], 
    "mal.to": [
        42, 
        24813.460000000003
    ], 
    "tvk.to": [
        68, 
        19105.760000000006
    ], 
    "pbh.to": [
        139, 
        29871.270000000004
    ], 
    "pbl.to": [
        159, 
        28097.66999999999
    ], 
    "ygr.to": [
        82, 
        82243.82
    ]
}