{
    "tcs.to": [
        3, 
        1190.409999999999
    ], 
    "tlo.to": [
        2, 
        1656.6499999999996
    ], 
    "ta.to": [
        5, 
        1586.5199999999995
    ], 
    "qec.to": [
        9, 
        2823.2199999999993
    ], 
    "txg.to": [
        8, 
        1106.8000000000002
    ], 
    "phx.to": [
        6, 
        1675.1900000000005
    ], 
    "vff.to": [
        3, 
        8329.580000000002
    ], 
    "wm.to": [
        8, 
        2682.2
    ], 
    "nif-un.to": [
        3, 
        3073.3200000000006
    ], 
    "smf.to": [
        12, 
        1247.4099999999999
    ], 
    "pru.to": [
        3, 
        1646.5600000000004
    ], 
    "slr.to": [
        5, 
        1990.000000000001
    ], 
    "tmi-b.to": [
        4, 
        2132.84
    ], 
    "sii.to": [
        2, 
        1483.3700000000008
    ], 
    "sxp.to": [
        5, 
        1371.5100000000002
    ], 
    "ptm.to": [
        3, 
        1531.6900000000005
    ], 
    "uns.to": [
        8, 
        1274.7800000000007
    ], 
    "pnc-a.to": [
        3, 
        6630.08
    ], 
    "xct.to": [
        4, 
        1824.4499999999998
    ], 
    "imp.to": [
        2, 
        4989.959999999999
    ]
}