{
    "eld.to": [
        26, 
        29161.270000000004
    ], 
    "sum.to": [
        6, 
        9294.609999999999
    ], 
    "tgo.to": [
        45, 
        7236.649999999998
    ], 
    "oly.to": [
        15, 
        8385.25
    ], 
    "kat.to": [
        72, 
        43465.3
    ], 
    "vle.to": [
        97, 
        14583.830000000002
    ], 
    "rnx.to": [
        32, 
        12156.73
    ], 
    "vff.to": [
        33, 
        95949.86000000002
    ], 
    "wm.to": [
        70, 
        18883.749999999996
    ], 
    "rfp.to": [
        18, 
        15130.459999999995
    ], 
    "wdo.to": [
        65, 
        6623.650000000003
    ], 
    "pdl.to": [
        5, 
        17040.330000000013
    ], 
    "tko.to": [
        157, 
        10797.569999999996
    ], 
    "th.to": [
        4, 
        7288.770000000006
    ], 
    "tc.to": [
        4, 
        9004.129999999994
    ], 
    "asp.to": [
        6, 
        120173.3299999997
    ], 
    "tmd.to": [
        15, 
        17785.390000000014
    ], 
    "pbl.to": [
        40, 
        7868.48
    ], 
    "wfs.to": [
        6, 
        7318.36999999999
    ], 
    "ygr.to": [
        136, 
        14148.119999999999
    ]
}