{
    "HAB": [
        -1.0, 
        -9999.0
    ], 
    "HAC": [
        -1.0, 
        -9999.0
    ], 
    "HAD": [
        -1.0, 
        -9999.0
    ], 
    "HADM": [
        -1.0, 
        -9999.0
    ], 
    "HAF": [
        -1.0, 
        -9999.0
    ], 
    "HAJ": [
        -1.0, 
        -9999.0
    ], 
    "HAL": [
        111, 
        3632.949999999997
    ], 
    "HARC": [
        -1.0, 
        -9999.0
    ], 
    "HAU": [
        -1.0, 
        -9999.0
    ], 
    "HAU.U": [
        -1.0, 
        -9999.0
    ], 
    "HAZ": [
        -1.0, 
        -9999.0
    ], 
    "HEA": [
        -1.0, 
        -9999.0
    ], 
    "HEA.U": [
        -1.0, 
        -9999.0
    ], 
    "HEE": [
        -1.0, 
        -9999.0
    ], 
    "HEF": [
        -1.0, 
        -9999.0
    ], 
    "HEJ": [
        -1.0, 
        -9999.0
    ], 
    "HEP": [
        10, 
        1078.8100000000022
    ], 
    "HEX": [
        -1.0, 
        -9999.0
    ], 
    "HFP": [
        -1.0, 
        -9999.0
    ], 
    "HFR": [
        -1.0, 
        -9999.0
    ], 
    "HGC": [
        -1.0, 
        -9999.0
    ], 
    "HGM": [
        -1.0, 
        -9999.0
    ], 
    "HGY": [
        -1.0, 
        -9999.0
    ], 
    "HMP": [
        -1.0, 
        -9999.0
    ], 
    "HNY": [
        -1.0, 
        -9999.0
    ], 
    "HPR": [
        2, 
        -4955.7699999999995
    ], 
    "HRA": [
        -1.0, 
        -9999.0
    ], 
    "HSL": [
        -1.0, 
        -9999.0
    ], 
    "HUF": [
        -1.0, 
        -9999.0
    ], 
    "HUF.U": [
        -1.0, 
        -9999.0
    ], 
    "HYI": [
        114, 
        1950.550000000002
    ], 
    "MIND": [
        3, 
        3595.919999999991
    ]
}