{
    "aim.to": [
        18, 
        19545.830000000005
    ], 
    "akg.to": [
        100, 
        -1012.3500000000017
    ], 
    "aps.to": [
        130, 
        5521.84
    ], 
    "apy.to": [
        100, 
        5261.2800000000025
    ], 
    "asp.to": [
        6, 
        112809.6099999997
    ], 
    "bdi.to": [
        25, 
        1939.2200000000003
    ], 
    "bkx.to": [
        27, 
        7784.099999999997
    ], 
    "cve.to": [
        3, 
        434.15999999999985
    ], 
    "dol.to": [
        6, 
        976.3100000000013
    ], 
    "gxe.to": [
        73, 
        5298.899999999998
    ], 
    "imv.to": [
        15, 
        4838.830000000004
    ], 
    "meg.to": [
        5, 
        5682.069999999996
    ], 
    "pnc-a.to": [
        115, 
        5224.310000000001
    ], 
    "pxt.to": [
        7, 
        4378.040000000001
    ], 
    "rfp.to": [
        18, 
        14943.359999999997
    ], 
    "tgl.to": [
        62, 
        3466.5499999999993
    ], 
    "tmd.to": [
        15, 
        17785.390000000014
    ], 
    "tve.to": [
        83, 
        4655.150000000003
    ], 
    "vff.to": [
        33, 
        92182.35
    ], 
    "vle.to": [
        97, 
        14583.830000000002
    ]
}