{
    "aapl": [
        4, 
        2397.8599999999997
    ], 
    "acb.to": [
        16, 
        34739.48
    ], 
    "bb.to": [
        10, 
        -108.30999999999767
    ], 
    "bbd-b.to": [
        57, 
        3313.090000000002
    ], 
    "cpg.to": [
        4, 
        -539.1300000000001
    ], 
    "cve.to": [
        3, 
        1178.670000000002
    ], 
    "dol.to": [
        27, 
        -242.95000000000073
    ], 
    "et.to": [
        4, 
        -725.6300000000001
    ], 
    "gbtc": [
        19, 
        3843.4199999999964
    ], 
    "hou.to": [
        6, 
        4579.319999999996
    ], 
    "jtr.v": [
        48, 
        -726.2999999999993
    ], 
    "meg.to": [
        5, 
        4824.710000000003
    ], 
    "obe.to": [
        44, 
        -392.77999999999975
    ], 
    "pd.to": [
        19, 
        731.5999999999976
    ], 
    "pyr.v": [
        13, 
        -155.5799999999981
    ], 
    "th.to": [
        24, 
        2492.83
    ], 
    "vff.to": [
        18, 
        10650.839999999998
    ], 
    "vle.to": [
        2, 
        35176.46999999998
    ]
}