{
    "aapl": [
        9, 
        590.090000000001
    ], 
    "acb.to": [
        9, 
        -173.98999999999978
    ], 
    "bb.to": [
        3, 
        579.2300000000005
    ], 
    "bbd-b.to": [
        13, 
        1222.7200000000003
    ], 
    "cpg.to": [
        8, 
        987.7099999999982
    ], 
    "cve.to": [
        13, 
        2506.209999999999
    ], 
    "dol.to": [
        20, 
        9747.129999999997
    ], 
    "et.to": [
        2, 
        -212.33999999999924
    ], 
    "gbtc": [
        19, 
        -89.1800000000012
    ], 
    "hou.to": [
        6, 
        2754.209999999999
    ], 
    "jtr.v": [
        20, 
        -1025.099999999998
    ], 
    "meg.to": [
        8, 
        5509.58
    ], 
    "obe.to": [
        4, 
        724.1099999999997
    ], 
    "pd.to": [
        8, 
        1175.159999999999
    ], 
    "pyr.v": [
        12, 
        313.35999999999876
    ], 
    "vff.to": [
        17, 
        661.8000000000002
    ], 
    "vle.to": [
        16, 
        -333.8199999999988
    ]
}